Report Date;;;;14.04.2017;;21.04.2017;+45;28.04.2017;+72;05.05.2017;+120;12.05.2017;+145;19.05.2017;+41;26.05.2017;+129;02.06.2017;+199;09.06.2017;+484;23.06.2017;+163;30.06.2017;+154;07.07.2017;+110;14.07.2017;+57;21.07.2017;+114;28.07.2017;+87;04.08.2017;+10;11.08.2017;+55;18.08.2017;+40;TOTAL DELAY
"Core Tech
(16 DONE / 10 TODO)";NPC Generation (Archetype);21.08.2017;;11.09.2017;;11.09.2017;0;11.09.2017;0;11.09.2017;0;11.09.2017;0;11.09.2017;0;11.09.2017;0;11.09.2017;0;11.09.2017;0;11.09.2017;0;11.09.2017;0;11.09.2017;0;11.09.2017;0;11.09.2017;0;11.09.2017;0;11.09.2017;0;11.09.2017;0;11.09.2017;0;0
;Spawn Bundles;28.08.2017;;08.12.2017;;08.12.2017;0;08.12.2017;0;08.12.2017;0;08.12.2017;0;08.12.2017;0;08.12.2017;0;08.12.2017;0;08.12.2017;0;08.12.2017;0;08.12.2017;0;08.12.2017;0;08.12.2017;0;08.12.2017;0;08.12.2017;0;08.12.2017;0;08.12.2017;0;08.12.2017;0;0
;In Game Chat To Use Spectrum;04.05.2017;;28.07.2017;;28.07.2017;0;28.07.2017;0;28.07.2017;0;28.07.2017;0;28.07.2017;0;28.07.2017;0;28.07.2017;0;28.07.2017;0;28.07.2017;0;28.07.2017;0;28.07.2017;0;28.07.2017;0;28.07.2017;0;28.07.2017;0;28.07.2017;0;28.07.2017;0;28.07.2017;0;0
;Room System v2;28.06.2017;;09.08.2017;;09.08.2017;0;09.08.2017;0;09.08.2017;0;09.08.2017;0;09.08.2017;0;09.08.2017;0;09.08.2017;0;09.08.2017;0;09.08.2017;0;09.08.2017;0;09.08.2017;0;09.08.2017;0;09.08.2017;0;09.08.2017;0;09.08.2017;0;09.08.2017;0;09.08.2017;0;0
;Object Container Core Engine: Load & Unload;24.03.2017;;15.06.2017;;15.06.2017;0;15.06.2017;0;15.06.2017;0;15.06.2017;0;15.06.2017;0;15.06.2017;0;15.06.2017;0;15.06.2017;0;15.06.2017;0;15.06.2017;0;15.06.2017;0;15.06.2017;0;15.06.2017;0;15.06.2017;0;15.06.2017;0;15.06.2017;0;15.06.2017;0;0
;Object Container Core Engine: Streaming Subsumption Integrations;16.06.2017;;21.08.2017;;21.08.2017;0;21.08.2017;0;21.08.2017;0;21.08.2017;0;21.08.2017;0;21.08.2017;0;21.08.2017;0;21.08.2017;0;21.08.2017;0;21.08.2017;0;21.08.2017;0;21.08.2017;0;21.08.2017;0;21.08.2017;0;21.08.2017;0;21.08.2017;0;21.08.2017;0;0
;Object Container Support: Cinematic Tool Integrations;16.07.2017;;04.11.2017;;04.11.2017;0;04.11.2017;0;04.11.2017;0;04.11.2017;0;04.11.2017;0;04.11.2017;0;04.11.2017;0;04.11.2017;0;04.11.2017;0;04.11.2017;0;04.11.2017;0;04.11.2017;0;04.11.2017;0;04.11.2017;0;04.11.2017;0;04.11.2017;0;04.11.2017;0;0
;Object Container Streaming: Asynchronous Object Container Loading;12.07.2017;;02.11.2017;;02.11.2017;0;02.11.2017;0;02.11.2017;0;02.11.2017;0;02.11.2017;0;02.11.2017;0;02.11.2017;0;02.11.2017;0;02.11.2017;0;02.11.2017;0;02.11.2017;0;02.11.2017;0;02.11.2017;0;02.11.2017;0;02.11.2017;0;02.11.2017;0;02.11.2017;0;0
;Object Container Support: Designer Workflow Improvements;05.11.2017;;05.01.2018;;05.01.2018;0;05.01.2018;0;05.01.2018;0;05.01.2018;0;05.01.2018;0;05.01.2018;0;05.01.2018;0;05.01.2018;0;05.01.2018;0;05.01.2018;0;05.01.2018;0;05.01.2018;0;05.01.2018;0;05.01.2018;0;05.01.2018;0;05.01.2018;0;05.01.2018;0;0
;Spectrum Integration In Game;19.06.2017;;30.08.2017;;30.08.2017;0;30.08.2017;0;30.08.2017;0;30.08.2017;0;30.08.2017;0;30.08.2017;0;30.08.2017;0;30.08.2017;0;30.08.2017;0;30.08.2017;0;30.08.2017;0;30.08.2017;0;30.08.2017;0;30.08.2017;0;30.08.2017;0;30.08.2017;0;30.08.2017;0;0
;Persistent Damage, Ammo and Missile Count;24.04.2017;;26.05.2017;;26.05.2017;0;26.05.2017;0;26.05.2017;0;26.05.2017;0;26.05.2017;0;02.06.2017;+7;07.06.2017;+5;07.06.2017;0;07.06.2017;0;07.06.2017;0;07.06.2017;0;07.06.2017;0;07.06.2017;0;07.06.2017;0;07.06.2017;0;07.06.2017;0;07.06.2017;0;+12
;Object Container Support: Object Container Edit Capability;03.04.2017;;15.07.2017;;15.07.2017;0;15.07.2017;0;15.07.2017;0;15.07.2017;0;15.07.2017;0;15.07.2017;0;15.07.2017;0;15.07.2017;0;15.07.2017;0;15.07.2017;0;15.07.2017;0;15.07.2017;0;15.07.2017;0;15.07.2017;0;15.07.2017;0;15.07.2017;0;15.07.2017;0;0
;Shield Rework;18.07.2017;;04.08.2017;;04.08.2017;0;04.08.2017;0;04.08.2017;0;04.08.2017;0;04.08.2017;0;04.08.2017;0;04.08.2017;0;04.08.2017;0;04.08.2017;0;04.08.2017;0;04.08.2017;0;04.08.2017;0;04.08.2017;0;04.08.2017;0;04.08.2017;0;04.08.2017;0;04.08.2017;0;0
;Save Game;05.09.2017;;30.11.2017;;30.11.2017;0;30.11.2017;0;30.11.2017;0;30.11.2017;0;30.11.2017;0;30.11.2017;0;30.11.2017;0;30.11.2017;0;30.11.2017;0;30.11.2017;0;30.11.2017;0;30.11.2017;0;30.11.2017;0;30.11.2017;0;30.11.2017;0;30.11.2017;0;30.11.2017;0;0
;Object Container Streaming: Content System Optimizations;21.12.2017;;21.12.2017;;21.12.2017;0;21.12.2017;0;21.12.2017;0;21.12.2017;0;21.12.2017;0;21.12.2017;0;21.12.2017;0;21.12.2017;0;21.12.2017;0;21.12.2017;0;21.12.2017;0;21.12.2017;0;21.12.2017;0;21.12.2017;0;21.12.2017;0;21.12.2017;0;21.12.2017;0;0
;Planetary Tech;03.04.2017;;31.05.2017;;31.05.2017;0;31.05.2017;0;31.05.2017;0;31.05.2017;0;31.05.2017;0;31.05.2017;0;31.05.2017;0;31.05.2017;0;31.05.2017;0;31.05.2017;0;31.05.2017;0;31.05.2017;0;31.05.2017;0;31.05.2017;0;31.05.2017;0;31.05.2017;0;31.05.2017;0;0
;Landing Gear Compression;10.10.2017;;19.12.2017;;19.12.2017;0;19.12.2017;0;19.12.2017;0;19.12.2017;0;19.12.2017;0;19.12.2017;0;19.12.2017;0;19.12.2017;0;19.12.2017;0;19.12.2017;0;19.12.2017;0;19.12.2017;0;19.12.2017;0;19.12.2017;0;19.12.2017;0;19.12.2017;0;19.12.2017;0;0
;Solar System Tool;03.04.2017;;31.05.2017;;31.05.2017;0;31.05.2017;0;31.05.2017;0;31.05.2017;0;31.05.2017;0;31.05.2017;0;31.05.2017;0;31.05.2017;0;31.05.2017;0;31.05.2017;0;31.05.2017;0;31.05.2017;0;31.05.2017;0;31.05.2017;0;31.05.2017;0;31.05.2017;0;31.05.2017;0;0
;Entity Update Component Scheduler;03.04.2017;;31.05.2017;;31.05.2017;0;31.05.2017;0;31.05.2017;0;31.05.2017;0;31.05.2017;0;31.05.2017;0;31.05.2017;0;30.06.2017;+30;30.06.2017;0;07.07.2017;+7;14.07.2017;+7;14.07.2017;0;14.07.2017;0;14.07.2017;0;14.07.2017;0;14.07.2017;0;14.07.2017;0;+44
;Render To Texture;03.04.2017;;24.05.2017;;24.05.2017;0;24.05.2017;0;24.05.2017;0;24.05.2017;0;15.06.2017;+22;15.06.2017;0;15.06.2017;0;29.06.2017;+14;29.06.2017;0;29.06.2017;0;27.07.2017;+28;10.08.2017;+14;10.08.2017;0;10.08.2017;0;10.08.2017;0;10.08.2017;0;10.08.2017;0;+78
;Object Container Streaming: Client Streaming System;04.04.2017;;11.05.2017;;11.05.2017;0;11.05.2017;0;11.05.2017;0;11.05.2017;0;11.05.2017;0;11.05.2017;0;11.05.2017;0;11.05.2017;0;11.05.2017;0;11.05.2017;0;11.05.2017;0;11.05.2017;0;11.05.2017;0;11.05.2017;0;11.05.2017;0;11.05.2017;0;11.05.2017;0;0
;Object Container Streaming: Server Side Streaming Manager;02.05.2017;;12.07.2017;;12.07.2017;0;12.07.2017;0;12.07.2017;0;12.07.2017;0;12.07.2017;0;12.07.2017;0;12.07.2017;0;12.07.2017;0;12.07.2017;0;12.07.2017;0;12.07.2017;0;12.07.2017;0;12.07.2017;0;12.07.2017;0;12.07.2017;0;12.07.2017;0;12.07.2017;0;0
;Entity Owner Manager;06.04.2017;;29.05.2017;;29.05.2017;0;29.05.2017;0;29.05.2017;0;12.06.2017;+14;12.06.2017;0;12.06.2017;0;12.06.2017;0;12.06.2017;0;28.06.2017;+16;07.07.2017;+9;14.07.2017;+7;20.07.2017;+6;28.07.2017;+8;11.08.2017;+14;11.08.2017;0;11.08.2017;0;11.08.2017;0;+74
;Atmospheric Entry Gamecode;07.04.2017;;05.05.2017;;05.05.2017;0;05.05.2017;0;05.05.2017;0;05.05.2017;0;05.05.2017;0;05.05.2017;0;05.05.2017;0;05.05.2017;0;05.05.2017;0;05.05.2017;0;05.05.2017;0;05.05.2017;0;05.05.2017;0;05.05.2017;0;05.05.2017;0;05.05.2017;0;05.05.2017;0;0
;Atmospheric Entry Graphics;07.04.2017;;05.05.2017;;05.05.2017;0;05.05.2017;0;05.05.2017;0;05.05.2017;0;05.05.2017;0;05.05.2017;0;05.05.2017;0;05.05.2017;0;05.05.2017;0;05.05.2017;0;05.05.2017;0;05.05.2017;0;05.05.2017;0;05.05.2017;0;05.05.2017;0;05.05.2017;0;05.05.2017;0;0
;Kiosk UI;03.04.2017;;04.05.2017;;10.05.2017;+6;10.05.2017;0;10.05.2017;0;25.05.2017;+15;25.05.2017;0;07.06.2017;+13;07.06.2017;0;23.06.2017;+16;23.06.2017;0;23.06.2017;0;23.06.2017;0;23.06.2017;0;23.06.2017;0;23.06.2017;0;23.06.2017;0;23.06.2017;0;23.06.2017;0;+50
;;;;;;;;;;;;;;;;;;;;;;;;;;;;;;;;;;;;;;;;
"FPS
(12 DONE / 6 TODO)";Repair & Restock System;07.06.2017;;04.07.2017;;04.07.2017;0;04.07.2017;0;04.07.2017;0;04.07.2017;0;04.07.2017;0;04.07.2017;0;04.07.2017;0;04.07.2017;0;04.07.2017;0;04.07.2017;0;04.07.2017;0;04.07.2017;0;04.07.2017;0;04.07.2017;0;04.07.2017;0;04.07.2017;0;04.07.2017;0;0
;Take Down (Front, Sides, Rear);10.07.2017;;07.08.2017;;07.08.2017;0;07.08.2017;0;07.08.2017;0;07.08.2017;0;07.08.2017;0;07.08.2017;0;07.08.2017;0;07.08.2017;0;07.08.2017;0;07.08.2017;0;07.08.2017;0;07.08.2017;0;07.08.2017;0;07.08.2017;0;07.08.2017;0;07.08.2017;0;07.08.2017;0;0
;Item Inspection;19.09.2017;;17.10.2017;;17.10.2017;0;17.10.2017;0;17.10.2017;0;17.10.2017;0;17.10.2017;0;17.10.2017;0;17.10.2017;0;17.10.2017;0;17.10.2017;0;17.10.2017;0;17.10.2017;0;17.10.2017;0;17.10.2017;0;17.10.2017;0;17.10.2017;0;17.10.2017;0;17.10.2017;0;0
;Planetary FPS Ambush;07.06.2017;;20.06.2017;;20.06.2017;0;20.06.2017;0;20.06.2017;0;20.06.2017;0;20.06.2017;0;20.06.2017;0;20.06.2017;0;20.06.2017;0;20.06.2017;0;20.06.2017;0;20.06.2017;0;20.06.2017;0;20.06.2017;0;20.06.2017;0;20.06.2017;0;20.06.2017;0;20.06.2017;0;0
;Shouldered Weapons;13.03.2017;;14.04.2017;;14.04.2017;0;14.04.2017;0;14.04.2017;0;14.04.2017;0;14.04.2017;0;14.04.2017;0;14.04.2017;0;14.04.2017;0;14.04.2017;0;14.04.2017;0;14.04.2017;0;14.04.2017;0;14.04.2017;0;14.04.2017;0;14.04.2017;0;14.04.2017;0;14.04.2017;0;0
;Bumps;10.08.2017;;07.09.2017;;07.09.2017;0;07.09.2017;0;07.09.2017;0;07.09.2017;0;07.09.2017;0;07.09.2017;0;07.09.2017;0;07.09.2017;0;07.09.2017;0;07.09.2017;0;07.09.2017;0;07.09.2017;0;07.09.2017;0;07.09.2017;0;07.09.2017;0;07.09.2017;0;07.09.2017;0;0
;Gadgets (Drones / Shields);03.10.2017;;28.11.2017;;28.11.2017;0;28.11.2017;0;28.11.2017;0;28.11.2017;0;28.11.2017;0;28.11.2017;0;28.11.2017;0;28.11.2017;0;28.11.2017;0;28.11.2017;0;28.11.2017;0;28.11.2017;0;28.11.2017;0;28.11.2017;0;28.11.2017;0;28.11.2017;0;28.11.2017;0;0
;Throwable Weapons;15.05.2017;;03.07.2017;;03.07.2017;0;03.07.2017;0;03.07.2017;0;03.07.2017;0;03.07.2017;0;03.07.2017;0;03.07.2017;0;03.07.2017;0;03.07.2017;0;03.07.2017;0;03.07.2017;0;03.07.2017;0;03.07.2017;0;03.07.2017;0;03.07.2017;0;03.07.2017;0;03.07.2017;0;0
;Looting Permissions / IK;17.10.2017;;14.11.2017;;14.11.2017;0;14.11.2017;0;14.11.2017;0;14.11.2017;0;14.11.2017;0;14.11.2017;0;14.11.2017;0;14.11.2017;0;14.11.2017;0;14.11.2017;0;14.11.2017;0;14.11.2017;0;14.11.2017;0;14.11.2017;0;14.11.2017;0;14.11.2017;0;14.11.2017;0;0
;Knife Melee;12.06.2017;;10.07.2017;;10.07.2017;0;10.07.2017;0;10.07.2017;0;10.07.2017;0;10.07.2017;0;10.07.2017;0;10.07.2017;0;10.07.2017;0;10.07.2017;0;10.07.2017;0;10.07.2017;0;10.07.2017;0;10.07.2017;0;10.07.2017;0;10.07.2017;0;10.07.2017;0;10.07.2017;0;0
;Drowning;12.12.2017;;2018+;;2018+;;2018+;;2018+;;2018+;;2018+;;2018+;;2018+;;2018+;;2018+;;2018+;;2018+;;2018+;;2018+;;2018+;;2018+;;2018+;;2018+;;
;Female Player Locomotion;08.05.2017;;03.07.2017;;03.07.2017;0;03.07.2017;0;03.07.2017;0;03.07.2017;0;03.07.2017;0;03.07.2017;0;03.07.2017;0;03.07.2017;0;03.07.2017;0;03.07.2017;0;03.07.2017;0;03.07.2017;0;03.07.2017;0;03.07.2017;0;03.07.2017;0;03.07.2017;0;03.07.2017;0;0
;Knockdown and Knokbacks;15.06.2017;;10.08.2017;;10.08.2017;0;10.08.2017;0;10.08.2017;0;10.08.2017;0;10.08.2017;0;10.08.2017;0;10.08.2017;0;10.08.2017;0;10.08.2017;0;10.08.2017;0;10.08.2017;0;10.08.2017;0;10.08.2017;0;10.08.2017;0;10.08.2017;0;10.08.2017;0;10.08.2017;0;0
;Downed State;07.09.2017;;05.10.2017;;05.10.2017;0;05.10.2017;0;05.10.2017;0;05.10.2017;0;05.10.2017;0;05.10.2017;0;05.10.2017;0;05.10.2017;0;05.10.2017;0;05.10.2017;0;05.10.2017;0;05.10.2017;0;05.10.2017;0;05.10.2017;0;05.10.2017;0;05.10.2017;0;05.10.2017;0;0
;Pick Up & Carry;03.04.2017;;24.05.2017;;24.05.2017;0;24.05.2017;0;24.05.2017;0;24.05.2017;0;24.05.2017;0;12.06.2017;+19;12.06.2017;0;26.06.2017;+14;26.06.2017;0;26.06.2017;0;26.06.2017;0;26.06.2017;0;26.06.2017;0;26.06.2017;0;26.06.2017;0;26.06.2017;0;26.06.2017;0;+33
;Stamina;03.04.2017;;31.05.2017;;31.05.2017;0;31.05.2017;0;31.05.2017;0;31.05.2017;0;31.05.2017;0;31.05.2017;0;31.05.2017;0;31.05.2017;0;31.05.2017;0;31.05.2017;0;31.05.2017;0;31.05.2017;0;31.05.2017;0;31.05.2017;0;31.05.2017;0;31.05.2017;0;31.05.2017;0;0
;Fist Combat;15.05.2017;;12.06.2017;;12.06.2017;0;12.06.2017;0;12.06.2017;0;12.06.2017;0;12.06.2017;0;12.06.2017;0;12.06.2017;0;12.06.2017;0;12.06.2017;0;12.06.2017;0;12.06.2017;0;12.06.2017;0;12.06.2017;0;12.06.2017;0;12.06.2017;0;12.06.2017;0;12.06.2017;0;0
;Armed (FPS Weapon Equipped);17.04.2017;;15.05.2017;;15.05.2017;0;15.05.2017;0;15.05.2017;0;15.05.2017;0;15.05.2017;0;15.05.2017;0;15.05.2017;0;15.05.2017;0;15.05.2017;0;15.05.2017;0;15.05.2017;0;15.05.2017;0;15.05.2017;0;15.05.2017;0;15.05.2017;0;15.05.2017;0;15.05.2017;0;0
;;;;;;;;;;;;;;;;;;;;;;;;;;;;;;;;;;;;;;;;
"Gameplay
(33 DONE - 16 TODO)";Inventory System Gamecode Engineering (Support);10.05.2017;;01.06.2017;;01.06.2017;0;01.06.2017;0;01.06.2017;0;01.06.2017;0;01.06.2017;0;01.06.2017;0;16.06.2017;+15;16.06.2017;0;03.07.2017;+17;03.07.2017;0;14.07.2017;+11;20.07.2017;+6;27.07.2017;+7;28.07.2017;+1;28.07.2017;0;28.07.2017;0;28.07.2017;0;+57
;Criminality;09.08.2017;;15.08.2017;;15.08.2017;0;15.08.2017;0;15.08.2017;0;15.08.2017;0;15.08.2017;0;15.08.2017;0;15.08.2017;0;15.08.2017;0;15.08.2017;0;15.08.2017;0;15.08.2017;0;15.08.2017;0;15.08.2017;0;15.08.2017;0;15.08.2017;0;15.08.2017;0;15.08.2017;0;0
;Restock / Repair v2;23.10.2017;;07.12.2017;;07.12.2017;0;07.12.2017;0;07.12.2017;0;07.12.2017;0;07.12.2017;0;07.12.2017;0;07.12.2017;0;07.12.2017;0;07.12.2017;0;07.12.2017;0;07.12.2017;0;07.12.2017;0;07.12.2017;0;07.12.2017;0;07.12.2017;0;07.12.2017;0;07.12.2017;0;0
;Service Beacon v1;26.06.2017;;22.08.2017;;22.08.2017;0;22.08.2017;0;22.08.2017;0;22.08.2017;0;22.08.2017;0;22.08.2017;0;22.08.2017;0;22.08.2017;0;22.08.2017;0;22.08.2017;0;22.08.2017;0;22.08.2017;0;22.08.2017;0;22.08.2017;0;22.08.2017;0;22.08.2017;0;22.08.2017;0;0
;Item 2.0 : ?;19.04.2017;;24.04.2017;;19.04.2017;-5;19.04.2017;0;19.04.2017;0;19.04.2017;0;19.04.2017;0;19.04.2017;0;19.04.2017;0;19.04.2017;0;19.04.2017;0;19.04.2017;0;19.04.2017;0;19.04.2017;0;19.04.2017;0;19.04.2017;0;19.04.2017;0;19.04.2017;0;19.04.2017;0;0
;Ship to Ship Refuel System;02.08.2017;;01.12.2017;;01.12.2017;0;01.12.2017;0;01.12.2017;0;01.12.2017;0;01.12.2017;0;01.12.2017;0;01.12.2017;0;01.12.2017;0;01.12.2017;0;01.12.2017;0;01.12.2017;0;01.12.2017;0;01.12.2017;0;01.12.2017;0;01.12.2017;0;01.12.2017;0;01.12.2017;0;0
;Overheating;14.09.2017;;29.09.2017;;29.09.2017;0;29.09.2017;0;29.09.2017;0;29.09.2017;0;29.09.2017;0;29.09.2017;0;29.09.2017;0;29.09.2017;0;29.09.2017;0;29.09.2017;0;29.09.2017;0;29.09.2017;0;29.09.2017;0;29.09.2017;0;29.09.2017;0;29.09.2017;0;29.09.2017;0;0
;Service Beacon v2;16.10.2017;;10.11.2017;;10.11.2017;0;10.11.2017;0;10.11.2017;0;10.11.2017;0;10.11.2017;0;10.11.2017;0;10.11.2017;0;10.11.2017;0;10.11.2017;0;10.11.2017;0;10.11.2017;0;10.11.2017;0;10.11.2017;0;10.11.2017;0;10.11.2017;0;10.11.2017;0;10.11.2017;0;0
;Interaction : Stations;14.11.2017;;30.11.2017;;30.11.2017;0;30.11.2017;0;30.11.2017;0;30.11.2017;0;30.11.2017;0;30.11.2017;0;30.11.2017;0;30.11.2017;0;30.11.2017;0;30.11.2017;0;30.11.2017;0;30.11.2017;0;30.11.2017;0;30.11.2017;0;30.11.2017;0;30.11.2017;0;30.11.2017;0;0
;Fuel (Item 2.0);03.04.2017;;05.06.2017;;05.06.2017;0;05.06.2017;0;05.06.2017;0;05.06.2017;0;05.06.2017;0;05.06.2017;0;05.06.2017;0;05.06.2017;0;05.06.2017;0;05.06.2017;0;05.06.2017;0;05.06.2017;0;05.06.2017;0;05.06.2017;0;05.06.2017;0;05.06.2017;0;05.06.2017;0;0
;Item 2.0 Airlocks v2;08.06.2017;;05.07.2017;;05.07.2017;0;05.07.2017;0;05.07.2017;0;05.07.2017;0;05.07.2017;0;05.07.2017;0;05.07.2017;0;05.07.2017;0;05.07.2017;0;05.07.2017;0;05.07.2017;0;05.07.2017;0;05.07.2017;0;05.07.2017;0;05.07.2017;0;05.07.2017;0;05.07.2017;0;0
;Radar D?;07.09.2017;;14.09.2017;;14.09.2017;0;14.09.2017;0;14.09.2017;0;14.09.2017;0;14.09.2017;0;14.09.2017;0;14.09.2017;0;14.09.2017;0;14.09.2017;0;14.09.2017;0;14.09.2017;0;14.09.2017;0;14.09.2017;0;14.09.2017;0;14.09.2017;0;14.09.2017;0;14.09.2017;0;0
;Item 2.0 : Fuel;03.04.2017;;12.04.2017;;12.04.2017;0;12.04.2017;0;12.04.2017;0;12.04.2017;0;12.04.2017;0;12.04.2017;0;12.04.2017;0;12.04.2017;0;12.04.2017;0;12.04.2017;0;12.04.2017;0;12.04.2017;0;12.04.2017;0;12.04.2017;0;12.04.2017;0;12.04.2017;0;12.04.2017;0;0
;Breaching;14.08.2017;;18.09.2017;;18.09.2017;0;18.09.2017;0;18.09.2017;0;18.09.2017;0;18.09.2017;0;18.09.2017;0;18.09.2017;0;18.09.2017;0;18.09.2017;0;18.09.2017;0;18.09.2017;0;18.09.2017;0;18.09.2017;0;18.09.2017;0;18.09.2017;0;18.09.2017;0;18.09.2017;0;0
;Item Degradation / Failure / Luck;04.07.2017;;11.08.2017;;11.08.2017;0;11.08.2017;0;11.08.2017;0;11.08.2017;0;11.08.2017;0;11.08.2017;0;11.08.2017;0;11.08.2017;0;11.08.2017;0;11.08.2017;0;11.08.2017;0;11.08.2017;0;11.08.2017;0;11.08.2017;0;11.08.2017;0;11.08.2017;0;11.08.2017;0;0
;Item 2.0: Operator Seats;11.05.2017;;24.05.2017;;24.05.2017;0;24.05.2017;0;24.05.2017;0;24.05.2017;0;24.05.2017;0;24.05.2017;0;24.05.2017;0;24.05.2017;0;24.05.2017;0;24.05.2017;0;24.05.2017;0;24.05.2017;0;24.05.2017;0;24.05.2017;0;24.05.2017;0;24.05.2017;0;24.05.2017;0;0
;Repair / Restock System;<-->;;02.06.2017;;02.06.2017;0;02.06.2017;0;02.06.2017;0;02.06.2017;0;02.06.2017;0;02.06.2017;0;02.06.2017;0;16.06.2017;+14;16.06.2017;0;16.06.2017;0;16.06.2017;0;16.06.2017;0;16.06.2017;0;16.06.2017;0;16.06.2017;0;16.06.2017;0;16.06.2017;0;+14
;Ammo Types;02.10.2017;;30.10.2017;;30.10.2017;0;30.10.2017;0;30.10.2017;0;30.10.2017;0;30.10.2017;0;30.10.2017;0;30.10.2017;0;30.10.2017;0;30.10.2017;0;30.10.2017;0;30.10.2017;0;30.10.2017;0;30.10.2017;0;30.10.2017;0;30.10.2017;0;30.10.2017;0;30.10.2017;0;0
;Game Persistence;29.05.2017;;20.06.2017;;20.06.2017;0;20.06.2017;0;20.06.2017;0;20.06.2017;0;20.06.2017;0;20.06.2017;0;20.06.2017;0;20.06.2017;0;20.06.2017;0;20.06.2017;0;20.06.2017;0;20.06.2017;0;20.06.2017;0;20.06.2017;0;20.06.2017;0;20.06.2017;0;20.06.2017;0;0
;Armor Component;28.07.2017;;10.08.2017;;10.08.2017;0;10.08.2017;0;10.08.2017;0;10.08.2017;0;10.08.2017;0;10.08.2017;0;10.08.2017;0;10.08.2017;0;10.08.2017;0;10.08.2017;0;10.08.2017;0;10.08.2017;0;10.08.2017;0;10.08.2017;0;10.08.2017;0;10.08.2017;0;10.08.2017;0;0
;Cargo v2;14.08.2017;;19.10.2017;;19.10.2017;0;19.10.2017;0;19.10.2017;0;19.10.2017;0;19.10.2017;0;19.10.2017;0;19.10.2017;0;19.10.2017;0;19.10.2017;0;19.10.2017;0;19.10.2017;0;19.10.2017;0;19.10.2017;0;19.10.2017;0;19.10.2017;0;19.10.2017;0;19.10.2017;0;0
;Security / Access Control;19.07.2017;;24.10.2017;;24.10.2017;0;24.10.2017;0;24.10.2017;0;24.10.2017;0;24.10.2017;0;24.10.2017;0;24.10.2017;0;24.10.2017;0;24.10.2017;0;24.10.2017;0;24.10.2017;0;24.10.2017;0;24.10.2017;0;24.10.2017;0;24.10.2017;0;24.10.2017;0;24.10.2017;0;0
;Radar N?;20.06.2017;;26.06.2017;;26.06.2017;0;26.06.2017;0;26.06.2017;0;26.06.2017;0;26.06.2017;0;26.06.2017;0;26.06.2017;0;26.06.2017;0;26.06.2017;0;26.06.2017;0;26.06.2017;0;26.06.2017;0;26.06.2017;0;26.06.2017;0;26.06.2017;0;26.06.2017;0;26.06.2017;0;0
;Interaction : Attach & ?;03.07.2017;;17.07.2017;;17.07.2017;0;17.07.2017;0;17.07.2017;0;17.07.2017;0;17.07.2017;0;17.07.2017;0;17.07.2017;0;17.07.2017;0;17.07.2017;0;17.07.2017;0;17.07.2017;0;17.07.2017;0;17.07.2017;0;17.07.2017;0;17.07.2017;0;17.07.2017;0;17.07.2017;0;0
;Interaction System: ?;19.06.2017;;03.07.2017;;03.07.2017;0;03.07.2017;0;03.07.2017;0;03.07.2017;0;03.07.2017;0;03.07.2017;0;03.07.2017;0;03.07.2017;0;03.07.2017;0;03.07.2017;0;03.07.2017;0;03.07.2017;0;03.07.2017;0;03.07.2017;0;03.07.2017;0;03.07.2017;0;03.07.2017;0;0
;Ship Damage;20.06.2017;;13.09.2017;;13.09.2017;0;13.09.2017;0;13.09.2017;0;13.09.2017;0;13.09.2017;0;13.09.2017;0;13.09.2017;0;13.09.2017;0;13.09.2017;0;13.09.2017;0;13.09.2017;0;13.09.2017;0;13.09.2017;0;13.09.2017;0;13.09.2017;0;13.09.2017;0;13.09.2017;0;0
;Ship Breaking;30.06.2017;;08.09.2017;;08.09.2017;0;08.09.2017;0;08.09.2017;0;08.09.2017;0;08.09.2017;0;08.09.2017;0;08.09.2017;0;08.09.2017;0;08.09.2017;0;08.09.2017;0;08.09.2017;0;08.09.2017;0;08.09.2017;0;08.09.2017;0;08.09.2017;0;08.09.2017;0;08.09.2017;0;0
;Item 2.0 : Quantum Drive;05.04.2017;;18.04.2017;;18.04.2017;0;05.05.2017;+17;12.05.2017;+7;12.05.2017;0;12.05.2017;0;12.05.2017;0;12.05.2017;0;12.05.2017;0;12.05.2017;0;12.05.2017;0;12.05.2017;0;12.05.2017;0;12.05.2017;0;12.05.2017;0;12.05.2017;0;12.05.2017;0;12.05.2017;0;+24
;Item 2.0 : Radar System;03.04.2017;;05.05.2017;;05.05.2017;0;05.05.2017;0;05.05.2017;0;05.05.2017;0;05.05.2017;0;05.05.2017;0;05.05.2017;0;05.05.2017;0;05.05.2017;0;05.05.2017;0;05.05.2017;0;05.05.2017;0;05.05.2017;0;05.05.2017;0;05.05.2017;0;05.05.2017;0;05.05.2017;0;0
;Insurance;24.04.2017;;05.05.2017;;05.05.2017;0;12.05.2017;+7;12.05.2017;0;26.05.2017;+14;02.06.2017;+7;02.06.2017;0;09.06.2017;+7;23.06.2017;+14;26.06.2017;+3;26.06.2017;0;26.06.2017;0;26.06.2017;0;26.06.2017;0;26.06.2017;0;26.06.2017;0;26.06.2017;0;26.06.2017;0;+52
;Doors & Airlocks;03.04.2017;;31.05.2017;;31.05.2017;0;31.05.2017;0;31.05.2017;0;31.05.2017;0;31.05.2017;0;31.05.2017;0;22.06.2017;+22;22.06.2017;0;30.06.2017;+8;05.07.2017;+5;05.07.2017;0;05.07.2017;0;05.07.2017;0;05.07.2017;0;05.07.2017;0;05.07.2017;0;05.07.2017;0;+35
;Item 2.0 : Power Supply / Pipes;13.04.2017;;05.05.2017;;05.05.2017;0;28.04.2017;-7;28.04.2017;0;28.04.2017;0;28.04.2017;0;28.04.2017;0;28.04.2017;0;28.04.2017;0;28.04.2017;0;28.04.2017;0;28.04.2017;0;28.04.2017;0;28.04.2017;0;28.04.2017;0;28.04.2017;0;28.04.2017;0;28.04.2017;0;0
;IFCS Landing Improvement;16.05.2017;;02.06.2017;;02.06.2017;0;02.06.2017;0;02.06.2017;0;02.06.2017;0;02.06.2017;0;02.06.2017;0;02.06.2017;0;02.06.2017;0;02.06.2017;0;02.06.2017;0;02.06.2017;0;02.06.2017;0;02.06.2017;0;02.06.2017;0;02.06.2017;0;02.06.2017;0;02.06.2017;0;0
;AI Turrets;18.04.2017;;08.05.2017;;08.05.2017;0;08.05.2017;0;08.05.2017;0;08.05.2017;0;08.05.2017;0;08.05.2017;0;09.06.2017;+32;23.06.2017;+14;23.06.2017;0;23.06.2017;0;23.06.2017;0;23.06.2017;0;23.06.2017;0;23.06.2017;0;23.06.2017;0;23.06.2017;0;23.06.2017;0;+46
;Item 2.0 Elevators v2;27.04.2017;;07.06.2017;;07.06.2017;0;07.06.2017;0;07.06.2017;0;07.06.2017;0;07.06.2017;0;07.06.2017;0;07.06.2017;0;07.06.2017;0;07.06.2017;0;07.06.2017;0;07.06.2017;0;07.06.2017;0;07.06.2017;0;07.06.2017;0;07.06.2017;0;07.06.2017;0;07.06.2017;0;0
;Scanner Improvements v2;24.04.2017;;28.06.2017;;28.06.2017;0;28.06.2017;0;28.06.2017;0;28.06.2017;0;28.06.2017;0;28.06.2017;0;28.06.2017;0;28.06.2017;0;28.06.2017;0;28.06.2017;0;28.06.2017;0;28.06.2017;0;28.06.2017;0;28.06.2017;0;28.06.2017;0;28.06.2017;0;28.06.2017;0;0
;Kiosk Gamecode Engineering;05.04.2017;;01.06.2017;;01.06.2017;0;01.06.2017;0;01.06.2017;0;01.06.2017;0;01.06.2017;0;01.06.2017;0;01.06.2017;0;23.06.2017;+22;26.06.2017;+3;26.06.2017;0;26.06.2017;0;26.06.2017;0;26.06.2017;0;26.06.2017;0;26.06.2017;0;26.06.2017;0;26.06.2017;0;+25
;Player Manned Turrets;06.04.2017;;08.06.2017;;08.06.2017;0;08.06.2017;0;08.06.2017;0;08.06.2017;0;08.06.2017;0;08.06.2017;0;08.06.2017;0;08.06.2017;0;08.06.2017;0;08.06.2017;0;08.06.2017;0;08.06.2017;0;08.06.2017;0;08.06.2017;0;08.06.2017;0;08.06.2017;0;08.06.2017;0;0
;Cargo Gamecode Engineering;27.04.2017;;02.06.2017;;02.06.2017;0;02.06.2017;0;02.06.2017;0;02.06.2017;0;02.06.2017;0;02.06.2017;0;16.06.2017;+14;19.06.2017;+3;26.06.2017;+7;26.06.2017;0;26.06.2017;0;26.06.2017;0;26.06.2017;0;26.06.2017;0;26.06.2017;0;26.06.2017;0;26.06.2017;0;+24
;Healing;05.06.2017;;;;;;;;09.06.2017;;09.06.2017;0;09.06.2017;0;09.06.2017;0;09.06.2017;0;09.06.2017;0;09.06.2017;0;09.06.2017;0;09.06.2017;0;09.06.2017;0;09.06.2017;0;09.06.2017;0;09.06.2017;0;09.06.2017;0;09.06.2017;0;0
;Vehicle Customiser App;24.05.2017;;;;;;;;28.06.2017;;28.06.2017;0;28.06.2017;0;28.06.2017;0;28.06.2017;0;06.07.2017;+8;13.07.2017;+7;27.07.2017;+14;27.07.2017;0;27.07.2017;0;27.07.2017;0;09.08.2017;+13;09.08.2017;0;21.08.2017;+12;04.09.2017;+14;+68
;UI Owner Component;28.04.2017;;12.05.2017;;28.04.2017;-14;04.05.2017;+6;04.05.2017;0;04.05.2017;0;04.05.2017;0;04.05.2017;0;04.05.2017;0;04.05.2017;0;04.05.2017;0;04.05.2017;0;04.05.2017;0;04.05.2017;0;04.05.2017;0;04.05.2017;0;04.05.2017;0;04.05.2017;0;04.05.2017;0;+6
;;;;;;;;;;;;;;;;;;;;;;;;;;;;;;;;;;;;;;;;
;Rover and Dragonfly in Ships;01.05.2017;;;;;;;;;;31.05.2017;;02.06.2017;+2;02.06.2017;0;16.06.2017;+14;16.06.2017;0;27.06.2017;+11;12.07.2017;+15;12.07.2017;0;12.07.2017;0;12.07.2017;0;12.07.2017;0;12.07.2017;0;12.07.2017;0;12.07.2017;0;+42
;IFCS Performance Improvements;12.05.2017;;;;;;;;;;;;02.06.2017;;02.06.2017;0;02.06.2017;0;02.06.2017;0;02.06.2017;0;02.06.2017;0;02.06.2017;0;02.06.2017;0;02.06.2017;0;02.06.2017;0;02.06.2017;0;02.06.2017;0;02.06.2017;0;0
;Commodities;15.05.2017;;;;;;;;;;;;02.06.2017;;02.06.2017;0;09.06.2017;+7;23.06.2017;+14;23.06.2017;0;23.06.2017;0;23.06.2017;0;23.06.2017;0;23.06.2017;0;23.06.2017;0;23.06.2017;0;23.06.2017;0;23.06.2017;0;+21
;Item 2.0 Ship Conversion - Part 1;03.04.2017;;;;;;;;;;;;;;01.06.2017;;01.06.2017;0;01.06.2017;0;01.06.2017;0;01.06.2017;0;01.06.2017;0;01.06.2017;0;01.06.2017;0;01.06.2017;0;01.06.2017;0;01.06.2017;0;01.06.2017;0;0
;Item 2.0 Ship Conversion - Part 2;29.05.2017;;;;;;;;;;;;;;23.06.2017;;23.06.2017;0;23.06.2017;0;30.06.2017;+7;03.07.2017;+3;03.07.2017;0;03.07.2017;0;03.07.2017;0;03.07.2017;0;03.07.2017;0;03.07.2017;0;03.07.2017;0;+10
;Hint System;09.05.2017;;;;;;;;;;;;;;;;;;30.06.2017;;30.06.2017;0;05.07.2017;+5;05.07.2017;0;05.07.2017;0;05.07.2017;0;05.07.2017;0;05.07.2017;0;05.07.2017;0;05.07.2017;0;+5
;;;;;;;;;;;;;;;;;;;;;;;;;;;;;;;;;;;;;;;;
"AI
(3 DONE - 11 TODO)";Assassination Missions;05.09.2017;;02.10.2017;;02.10.2017;0;02.10.2017;0;02.10.2017;0;02.10.2017;0;02.10.2017;0;02.10.2017;0;02.10.2017;0;02.10.2017;0;02.10.2017;0;02.10.2017;0;02.10.2017;0;02.10.2017;0;02.10.2017;0;02.10.2017;0;02.10.2017;0;02.10.2017;0;02.10.2017;0;0
;Mission Manager App;31.05.2017;;16.05.2017;;16.05.2017;0;16.05.2017;0;16.05.2017;0;02.06.2017;+17;02.06.2017;0;02.06.2017;0;02.06.2017;0;21.06.2017;+19;21.06.2017;0;21.06.2017;0;21.06.2017;0;21.06.2017;0;21.06.2017;0;21.06.2017;0;21.06.2017;0;21.06.2017;0;21.06.2017;0;+36
;Patrol Mission v2;27.09.2017;;22.12.2017;;22.12.2017;0;22.12.2017;0;22.12.2017;0;22.12.2017;0;22.12.2017;0;22.12.2017;0;22.12.2017;0;22.12.2017;0;22.12.2017;0;22.12.2017;0;22.12.2017;0;22.12.2017;0;22.12.2017;0;22.12.2017;0;22.12.2017;0;22.12.2017;0;22.12.2017;0;0
;Recovery Missions;31.05.2017;;11.08.2017;;11.08.2017;0;11.08.2017;0;11.08.2017;0;11.08.2017;0;11.08.2017;0;11.08.2017;0;11.08.2017;0;11.08.2017;0;11.08.2017;0;11.08.2017;0;11.08.2017;0;11.08.2017;0;11.08.2017;0;11.08.2017;0;11.08.2017;0;11.08.2017;0;11.08.2017;0;0
;Smuggling Missions;03.10.2017;;13.11.2017;;13.11.2017;0;13.11.2017;0;13.11.2017;0;13.11.2017;0;13.11.2017;0;13.11.2017;0;13.11.2017;0;13.11.2017;0;13.11.2017;0;13.11.2017;0;13.11.2017;0;13.11.2017;0;13.11.2017;0;13.11.2017;0;13.11.2017;0;13.11.2017;0;13.11.2017;0;0
;Transport Missions;22.08.2017;;25.10.2017;;25.10.2017;0;25.10.2017;0;25.10.2017;0;25.10.2017;0;25.10.2017;0;25.10.2017;0;25.10.2017;0;25.10.2017;0;25.10.2017;0;25.10.2017;0;25.10.2017;0;25.10.2017;0;25.10.2017;0;25.10.2017;0;25.10.2017;0;25.10.2017;0;25.10.2017;0;0
;Defense Missions;09.11.2017;;22.11.2017;;22.11.2017;0;22.11.2017;0;22.11.2017;0;22.11.2017;0;22.11.2017;0;22.11.2017;0;22.11.2017;0;22.11.2017;0;22.11.2017;0;22.11.2017;0;22.11.2017;0;22.11.2017;0;22.11.2017;0;22.11.2017;0;22.11.2017;0;22.11.2017;0;22.11.2017;0;0
;Mission System;03.04.2017;;31.05.2017;;31.05.2017;0;31.05.2017;0;31.05.2017;0;31.05.2017;0;31.05.2017;0;31.05.2017;0;12.06.2017;+12;30.06.2017;+18;30.06.2017;0;19.07.2017;+19;19.07.2017;0;24.07.2017;+5;24.07.2017;0;09.08.2017;+16;16.08.2017;+7;01.09.2017;+16;01.09.2017;0;+93
;Piracy Missions v1;03.07.2017;;21.08.2017;;21.08.2017;0;21.08.2017;0;21.08.2017;0;21.08.2017;0;21.08.2017;0;21.08.2017;0;21.08.2017;0;21.08.2017;0;21.08.2017;0;21.08.2017;0;21.08.2017;0;21.08.2017;0;21.08.2017;0;21.08.2017;0;21.08.2017;0;21.08.2017;0;21.08.2017;0;0
;Piracy Missions v2;03.10.2017;;16.10.2017;;16.10.2017;0;16.10.2017;0;16.10.2017;0;16.10.2017;0;16.10.2017;0;16.10.2017;0;16.10.2017;0;16.10.2017;0;16.10.2017;0;16.10.2017;0;16.10.2017;0;16.10.2017;0;16.10.2017;0;16.10.2017;0;16.10.2017;0;16.10.2017;0;16.10.2017;0;0
;Patrol Mission v1;17.07.2017;;25.09.2017;;25.09.2017;0;25.09.2017;0;25.09.2017;0;25.09.2017;0;25.09.2017;0;25.09.2017;0;25.09.2017;0;25.09.2017;0;25.09.2017;0;25.09.2017;0;25.09.2017;0;25.09.2017;0;25.09.2017;0;25.09.2017;0;25.09.2017;0;25.09.2017;0;25.09.2017;0;0
;Planteray FPS Ambush Missions v2;19.06.2017;;07.08.2017;;07.08.2017;0;07.08.2017;0;07.08.2017;0;07.08.2017;0;07.08.2017;0;07.08.2017;0;07.08.2017;0;07.08.2017;0;07.08.2017;0;07.08.2017;0;07.08.2017;0;07.08.2017;0;07.08.2017;0;07.08.2017;0;07.08.2017;0;07.08.2017;0;07.08.2017;0;0
;Cooperative Avoidance;05.10.2017;;16.11.2017;;16.11.2017;0;16.11.2017;0;16.11.2017;0;16.11.2017;0;16.11.2017;0;16.11.2017;0;16.11.2017;0;16.11.2017;0;16.11.2017;0;16.11.2017;0;16.11.2017;0;16.11.2017;0;16.11.2017;0;16.11.2017;0;16.11.2017;0;16.11.2017;0;16.11.2017;0;0
;Mission Givers;25.08.2016;;12.05.2017;;12.05.2017;0;12.05.2017;0;12.05.2017;0;02.06.2017;+21;02.06.2017;0;02.06.2017;0;09.06.2017;+7;30.06.2017;+21;30.06.2017;0;14.07.2017;+14;14.07.2017;0;28.07.2017;+14;28.07.2017;0;11.08.2017;+14;11.08.2017;0;25.08.2017;+14;25.08.2017;0;+105
;;;;;;;;;;;;;;;;;;;;;;;;;;;;;;;;;;;;;;;;
"UI
(10 DONE - 3 TODO)";Shopping v2;22.05.2017;;15.06.2017;;15.06.2017;0;15.06.2017;0;15.06.2017;0;15.06.2017;0;15.06.2017;0;15.06.2017;0;15.06.2017;0;15.06.2017;0;15.06.2017;0;15.06.2017;0;15.06.2017;0;15.06.2017;0;15.06.2017;0;15.06.2017;0;15.06.2017;0;15.06.2017;0;15.06.2017;0;0
;StarMap App;03.04.2017;;12.05.2017;;12.05.2017;0;12.05.2017;0;11.05.2017;-1;19.05.2017;+8;24.05.2017;+5;24.05.2017;0;24.05.2017;0;26.06.2017;+33;29.06.2017;+3;07.07.2017;+8;18.07.2017;+11;18.07.2017;0;18.07.2017;0;18.07.2017;0;18.07.2017;0;18.07.2017;0;18.07.2017;0;+68
;Personal Manager App;25.04.2017;;23.05.2017;;23.05.2017;0;23.05.2017;0;08.06.2017;+16;08.06.2017;0;08.06.2017;0;08.06.2017;0;08.06.2017;0;21.06.2017;+13;27.06.2017;+6;03.07.2017;+6;10.07.2017;+7;10.07.2017;0;10.07.2017;0;10.07.2017;0;10.07.2017;0;10.07.2017;0;10.07.2017;0;+48
;Mission Board App;11.05.2017;;01.06.2017;;01.06.2017;0;01.06.2017;0;01.06.2017;0;01.06.2017;0;01.06.2017;0;01.06.2017;0;01.06.2017;0;21.06.2017;+20;21.06.2017;0;21.06.2017;0;21.06.2017;0;21.06.2017;0;21.06.2017;0;21.06.2017;0;21.06.2017;0;21.06.2017;0;21.06.2017;0;+20
;Cargo Manifest App;11.05.2017;;01.06.2017;;01.06.2017;0;01.06.2017;0;06.06.2017;+5;06.06.2017;0;06.06.2017;0;06.06.2017;0;06.06.2017;0;19.06.2017;+13;03.07.2017;+14;07.07.2017;+4;14.07.2017;+7;20.07.2017;+6;27.07.2017;+7;28.07.2017;+1;28.07.2017;0;28.07.2017;0;28.07.2017;0;+57
;MobiGlas Overhaul;10.05.2017;;06.06.2017;;06.06.2017;0;06.06.2017;0;02.06.2017;-4;02.06.2017;0;02.06.2017;0;02.06.2017;0;02.06.2017;0;12.06.2017;+10;12.06.2017;0;12.06.2017;0;12.06.2017;0;12.06.2017;0;12.06.2017;0;12.06.2017;0;12.06.2017;0;12.06.2017;0;12.06.2017;0;+10
;Cargo UI;11.05.2017;;01.06.2017;;01.06.2017;0;01.06.2017;0;CANCEL;;;;;;;;;;;;;;;;;;;;;;;;;;;;;;
;Item 2.0 UI;03.04.2017;;26.05.2017;;26.05.2017;0;26.05.2017;0;05.06.2017;+10;05.06.2017;0;05.06.2017;0;05.06.2017;0;05.06.2017;0;27.06.2017;+22;29.06.2017;+2;07.07.2017;+8;11.07.2017;+4;11.07.2017;0;11.07.2017;0;11.07.2017;0;11.07.2017;0;11.07.2017;0;11.07.2017;0;+46
;Field Of View Slider;03.04.2017;;05.05.2017;;05.05.2017;0;05.05.2017;0;24.05.2017;+19;24.05.2017;0;24.05.2017;0;24.05.2017;0;24.05.2017;0;24.05.2017;0;24.05.2017;0;24.05.2017;0;24.05.2017;0;24.05.2017;0;24.05.2017;0;24.05.2017;0;24.05.2017;0;24.05.2017;0;24.05.2017;0;+19
;Inventory System UI;03.04.2017;;02.06.2017;;02.06.2017;0;02.06.2017;0;06.06.2017;+4;06.06.2017;0;06.06.2017;0;06.06.2017;0;06.06.2017;0;19.06.2017;+13;03.07.2017;+14;07.07.2017;+4;14.07.2017;+7;20.07.2017;+6;27.07.2017;+7;28.07.2017;+1;28.07.2017;0;28.07.2017;0;28.07.2017;0;+56
;Character Customization;20.04.2017;;31.05.2017;;31.05.2017;0;31.05.2017;0;22.06.2017;+22;22.06.2017;0;22.06.2017;0;22.06.2017;0;22.06.2017;0;04.07.2017;+12;17.07.2017;+13;25.07.2017;+8;25.07.2017;0;25.07.2017;0;25.07.2017;0;25.07.2017;0;25.07.2017;0;25.07.2017;0;25.07.2017;0;+55
;Ship Selector App;24.05.2017;;;;;;;;12.06.2017;;12.06.2017;0;12.06.2017;0;12.06.2017;0;12.06.2017;0;03.07.2017;+21;05.07.2017;+2;19.07.2017;+14;19.07.2017;0;19.07.2017;0;03.08.2017;+15;03.08.2017;0;11.08.2017;+8;15.08.2017;+4;29.08.2017;+14;+78
;Insurance;24.04.2017;;;;;;;;15.06.2017;;15.06.2017;0;15.06.2017;;15.06.2017;0;15.06.2017;0;15.06.2017;0;15.06.2017;0;15.06.2017;0;15.06.2017;0;15.06.2017;0;15.06.2017;0;15.06.2017;0;15.06.2017;0;15.06.2017;0;15.06.2017;0;#BEZUG!
;Comms System UI;19.06.2017;;;;;;;;;;;;;;;;;;30.06.2017;;10.07.2017;+10;18.07.2017;+8;25.07.2017;+7;25.07.2017;0;25.07.2017;0;16.08.2017;+22;16.08.2017;0;25.08.2017;+9;06.09.2017;+12;+68
;;;;;;;;;;;;;;;;;;;;;;;;;;;;;;;;;;;;;;;;
"Graphics
(9 DONE - 5 TODO)";GPU Particles;03.04.2017;;07.04.2017;;07.04.2017;0;07.04.2017;0;07.04.2017;0;07.04.2017;0;07.04.2017;0;07.04.2017;0;07.04.2017;0;07.04.2017;0;07.04.2017;0;07.04.2017;0;07.04.2017;0;07.04.2017;0;07.04.2017;0;07.04.2017;0;07.04.2017;0;07.04.2017;0;07.04.2017;0;0
;Engine Trails & Contrails;03.04.2017;;28.04.2017;;28.04.2017;0;26.05.2017;+28;26.05.2017;0;26.05.2017;0;26.05.2017;0;23.06.2017;+28;23.06.2017;0;23.06.2017;0;27.06.2017;+4;27.06.2017;0;27.06.2017;0;27.06.2017;0;27.06.2017;0;27.06.2017;0;27.06.2017;0;27.06.2017;0;27.06.2017;0;+60
;Holographic Shader;12.06.2017;;30.06.2017;;30.06.2017;0;30.06.2017;0;30.06.2017;0;30.06.2017;0;30.06.2017;0;30.06.2017;0;30.06.2017;0;30.06.2017;0;30.06.2017;0;30.06.2017;0;30.06.2017;0;30.06.2017;0;30.06.2017;0;30.06.2017;0;30.06.2017;0;30.06.2017;0;30.06.2017;0;0
;Distant Star Field;03.07.2017;;10.08.2017;;10.08.2017;0;10.08.2017;0;10.08.2017;0;10.08.2017;0;10.08.2017;0;10.08.2017;0;10.08.2017;0;10.08.2017;0;10.08.2017;0;10.08.2017;0;10.08.2017;0;10.08.2017;0;10.08.2017;0;10.08.2017;0;10.08.2017;0;10.08.2017;0;10.08.2017;0;0
;Sun Shader;21.08.2017;;12.10.2017;;12.10.2017;0;12.10.2017;0;12.10.2017;0;12.10.2017;0;12.10.2017;0;12.10.2017;0;12.10.2017;0;12.10.2017;0;12.10.2017;0;12.10.2017;0;12.10.2017;0;12.10.2017;0;12.10.2017;0;12.10.2017;0;12.10.2017;0;12.10.2017;0;12.10.2017;0;0
;Planetary Ring & Gas Giant;30.10.2017;;21.12.2017;;21.12.2017;0;21.12.2017;0;21.12.2017;0;21.12.2017;0;21.12.2017;0;21.12.2017;0;21.12.2017;0;21.12.2017;0;21.12.2017;0;21.12.2017;0;21.12.2017;0;21.12.2017;0;21.12.2017;0;21.12.2017;0;21.12.2017;0;21.12.2017;0;21.12.2017;0;0
;Gas Giant Tech;31.10.2017;;21.12.2017;;21.12.2017;0;21.12.2017;0;21.12.2017;0;21.12.2017;0;21.12.2017;0;21.12.2017;0;21.12.2017;0;21.12.2017;0;21.12.2017;0;21.12.2017;0;21.12.2017;0;21.12.2017;0;21.12.2017;0;21.12.2017;0;21.12.2017;0;21.12.2017;0;21.12.2017;0;0
;Volumetric Fog;04.04.2017;;14.04.2017;;09.05.2017;+25;09.05.2017;0;09.05.2017;0;09.05.2017;0;26.05.2017;+17;30.05.2017;+4;09.06.2017;+10;09.06.2017;0;09.06.2017;0;09.06.2017;0;09.06.2017;0;09.06.2017;0;09.06.2017;0;09.06.2017;0;09.06.2017;0;09.06.2017;0;09.06.2017;0;+56
;Debris Fields;18.04.2017;;26.05.2017;;26.05.2017;0;26.05.2017;0;26.05.2017;0;26.05.2017;0;26.05.2017;0;26.05.2017;0;26.05.2017;0;26.05.2017;0;26.05.2017;0;26.05.2017;0;26.05.2017;0;26.05.2017;0;26.05.2017;0;26.05.2017;0;26.05.2017;0;26.05.2017;0;26.05.2017;0;0
;Live Environment Probe Capture;03.04.2017;;02.06.2017;;02.06.2017;0;02.06.2017;0;02.06.2017;0;02.06.2017;0;02.06.2017;0;02.06.2017;0;09.06.2017;+7;09.06.2017;0;09.06.2017;0;09.06.2017;0;09.06.2017;0;09.06.2017;0;09.06.2017;0;09.06.2017;0;09.06.2017;0;09.06.2017;0;09.06.2017;0;+7
;GPU Particles - Part 2;08.05.2017;;06.10.2017;;06.10.2017;0;06.10.2017;0;06.10.2017;0;06.10.2017;0;06.10.2017;0;06.10.2017;0;06.10.2017;0;06.10.2017;0;06.10.2017;0;06.10.2017;0;06.10.2017;0;06.10.2017;0;06.10.2017;0;06.10.2017;0;06.10.2017;0;06.10.2017;0;06.10.2017;0;0
;Gas Cloud;17.04.2017;;13.10.2017;;13.10.2017;0;13.10.2017;0;13.10.2017;0;13.10.2017;0;13.10.2017;0;13.10.2017;0;13.10.2017;0;13.10.2017;0;13.10.2017;0;13.10.2017;0;13.10.2017;0;13.10.2017;0;13.10.2017;0;13.10.2017;0;13.10.2017;0;13.10.2017;0;13.10.2017;0;0
;Exposure Improvements;20.06.2017;;;;;;;;;;;;;;;;;;26.06.2017;;23.06.2017;-3;23.06.2017;0;23.06.2017;0;23.06.2017;0;23.06.2017;0;23.06.2017;0;23.06.2017;0;23.06.2017;0;23.06.2017;0;0
;Asteroid Physics;13.06.2017;;;;;;;;;;;;;;;;;;19.06.2017;;28.06.2017;+9;28.06.2017;0;28.06.2017;0;28.06.2017;0;28.06.2017;0;28.06.2017;0;28.06.2017;0;28.06.2017;0;28.06.2017;0;+9
;;;;;;;;;;;;;;;;;;;;;;;;;;;;;;;;;;;;;;;;
"Weapons
(10 DONE - 6 TODO)";P8-SC;03.04.2017;;27.04.2017;;27.04.2017;0;04.05.2017;+7;04.05.2017;0;04.05.2017;0;04.05.2017;0;04.05.2017;0;04.05.2017;0;04.05.2017;0;04.05.2017;0;04.05.2017;0;04.05.2017;0;04.05.2017;0;04.05.2017;0;04.05.2017;0;04.05.2017;0;04.05.2017;0;04.05.2017;0;+7
;HRST Electron Beam Modular Sets (S1-3);15.05.2017;;08.09.2017;;08.09.2017;0;08.09.2017;0;08.09.2017;0;08.09.2017;0;08.09.2017;0;08.09.2017;0;08.09.2017;0;08.09.2017;0;08.09.2017;0;08.09.2017;0;08.09.2017;0;08.09.2017;0;08.09.2017;0;08.09.2017;0;08.09.2017;0;08.09.2017;0;08.09.2017;0;0
;APAR Balistic Scattergun Modular Sets (S1-3);20.03.2017;;04.08.2017;;04.08.2017;0;04.08.2017;0;04.08.2017;0;04.08.2017;0;04.08.2017;0;04.08.2017;0;04.08.2017;0;04.08.2017;0;04.08.2017;0;04.08.2017;0;04.08.2017;0;04.08.2017;0;04.08.2017;0;04.08.2017;0;04.08.2017;0;04.08.2017;0;04.08.2017;0;0
;AMRS Omnisky Laser Cannon Modular Sets (S1-6);03.04.2017;;29.09.2017;;29.09.2017;0;29.09.2017;0;29.09.2017;0;29.09.2017;0;29.09.2017;0;29.09.2017;0;29.09.2017;0;29.09.2017;0;29.09.2017;0;29.09.2017;0;29.09.2017;0;29.09.2017;0;29.09.2017;0;29.09.2017;0;29.09.2017;0;29.09.2017;0;29.09.2017;0;0
;PRAR Distortion Scattergun Modular Sets (S4-6);06.03.2017;;14.07.2017;;14.07.2017;0;14.07.2017;0;14.07.2017;0;14.07.2017;0;14.07.2017;0;14.07.2017;0;14.07.2017;0;14.07.2017;0;14.07.2017;0;14.07.2017;0;14.07.2017;0;14.07.2017;0;14.07.2017;0;14.07.2017;0;14.07.2017;0;14.07.2017;0;14.07.2017;0;0
;Arrowhead Sniper (rework);03.04.2017;;18.05.2017;;01.06.2017;+14;01.06.2017;0;08.06.2017;+7;08.06.2017;0;09.06.2017;+1;09.06.2017;0;09.06.2017;0;16.06.2017;+7;16.06.2017;0;16.06.2017;0;16.06.2017;0;16.06.2017;0;16.06.2017;0;16.06.2017;0;16.06.2017;0;16.06.2017;0;16.06.2017;0;+29
;Devastator 12 Shotgun (rework);03.04.2017;;25.05.2017;;25.05.2017;0;25.05.2017;0;08.06.2017;+14;08.06.2017;0;09.06.2017;+1;09.06.2017;0;09.06.2017;0;09.06.2017;0;09.06.2017;0;09.06.2017;0;09.06.2017;0;09.06.2017;0;09.06.2017;0;09.06.2017;0;09.06.2017;0;09.06.2017;0;09.06.2017;0;+15
;Scourge Rail Gun;03.04.2017;;14.06.2017;;14.06.2017;0;14.06.2017;0;08.06.2017;-6;08.06.2017;0;09.05.2017;-30;09.05.2017;0;09.05.2017;0;09.05.2017;0;09.05.2017;0;09.05.2017;0;09.05.2017;0;09.05.2017;0;09.05.2017;0;09.05.2017;0;09.05.2017;0;09.05.2017;0;09.05.2017;0;0
;MXOX NN Series Neutron Repeaters Modular Sets (S1-3);03.07.2017;;03.11.2017;;03.11.2017;0;03.11.2017;0;03.11.2017;0;03.11.2017;0;03.11.2017;0;03.11.2017;0;03.11.2017;0;03.11.2017;0;03.11.2017;0;03.11.2017;0;03.11.2017;0;03.11.2017;0;03.11.2017;0;03.11.2017;0;03.11.2017;0;03.11.2017;0;03.11.2017;0;0
;Gallant Rifle (rework);03.04.2017;;04.05.2017;;18.05.2017;+14;18.05.2017;0;24.05.2017;+6;24.05.2017;0;01.06.2017;+8;01.06.2017;0;01.06.2017;0;01.06.2017;0;01.06.2017;0;01.06.2017;0;01.06.2017;0;01.06.2017;0;01.06.2017;0;01.06.2017;0;01.06.2017;0;01.06.2017;0;01.06.2017;0;+28
;GMNI H29 - Heavy Machine Gun;22.05.2017;;25.08.2017;;25.08.2017;0;25.08.2017;0;25.08.2017;0;25.08.2017;0;25.08.2017;0;25.08.2017;0;25.08.2017;0;25.08.2017;0;25.08.2017;0;25.08.2017;0;25.08.2017;0;25.08.2017;0;25.08.2017;0;25.08.2017;0;25.08.2017;0;25.08.2017;0;25.08.2017;0;0
;SOTA Crossbow;31.07.2017;;02.11.2017;;02.11.2017;0;02.11.2017;0;02.11.2017;0;02.11.2017;0;02.11.2017;0;02.11.2017;0;02.11.2017;0;02.11.2017;0;02.11.2017;0;02.11.2017;0;02.11.2017;0;02.11.2017;0;02.11.2017;0;02.11.2017;0;02.11.2017;0;02.11.2017;0;02.11.2017;0;0
;PRAR Plasma Beam Modular Sets (S1-6);19.06.2017;;15.12.2017;;15.12.2017;0;15.12.2017;0;15.12.2017;0;15.12.2017;0;15.12.2017;0;15.12.2017;0;15.12.2017;0;15.12.2017;0;15.12.2017;0;15.12.2017;0;15.12.2017;0;15.12.2017;0;15.12.2017;0;15.12.2017;0;15.12.2017;0;15.12.2017;0;15.12.2017;0;0
;Arclight Pistol (rework);03.04.2017;;;;;;;;;;;;;;;;;;;;;;;;;;14.07.2017;;14.07.2017;0;14.07.2017;0;14.07.2017;0;14.07.2017;0;14.07.2017;0;0
;L86 Pistol (rework);03.04.2017;;;;;;;;;;;;;;;;;;;;;;;;;;28.07.2017;;28.07.2017;0;02.08.2017;+5;28.07.2017;-5;28.07.2017;0;28.07.2017;0;0
;Behring P4-AR (rework);03.04.2017;;;;;;;;;;;;;;;;;;;;;;;;;;19.07.2017;;19.07.2017;0;19.07.2017;0;19.07.2017;0;19.07.2017;0;19.07.2017;0;0
;;;;;;;;;;;;;;;;;;;;;;;;;;;;;;;;;;;;;;;;
"Ships
(10 DONE - 15 TODO)";MISC Prospector;03.04.2017;;05.05.2017;;05.05.2017;0;05.05.2017;0;12.05.2017;+7;19.05.2017;+7;19.05.2017;0;19.05.2017;0;19.05.2017;0;19.05.2017;0;19.05.2017;0;19.05.2017;0;19.05.2017;0;19.05.2017;0;19.05.2017;0;19.05.2017;0;19.05.2017;0;19.05.2017;0;19.05.2017;0;+14
;ANVIL Hornet Additionnal Updates;18.04.2017;;31.05.2017;;31.05.2017;0;31.05.2017;0;31.05.2017;0;31.05.2017;0;31.05.2017;0;31.05.2017;0;31.05.2017;0;31.05.2017;0;31.05.2017;0;31.05.2017;0;31.05.2017;0;31.05.2017;0;31.05.2017;0;31.05.2017;0;31.05.2017;0;31.05.2017;0;31.05.2017;0;0
;Drake Dragonfly;03.04.2017;;12.05.2017;;12.05.2017;0;12.05.2017;0;12.05.2017;0;12.05.2017;0;12.05.2017;0;12.05.2017;0;12.05.2017;0;12.05.2017;0;12.05.2017;0;12.05.2017;0;12.05.2017;0;12.05.2017;0;12.05.2017;0;12.05.2017;0;12.05.2017;0;12.05.2017;0;12.05.2017;0;0
;RSI Constellation Aquila;03.04.2017;;12.05.2017;;12.05.2017;0;12.05.2017;0;12.05.2017;0;12.05.2017;0;12.05.2017;0;12.05.2017;0;12.05.2017;0;12.05.2017;0;12.05.2017;0;12.05.2017;0;12.05.2017;0;12.05.2017;0;12.05.2017;0;12.05.2017;0;12.05.2017;0;12.05.2017;0;12.05.2017;0;0
;Drake Cutlass Blue;01.06.2017;;02.08.2017;;02.08.2017;0;02.08.2017;0;02.08.2017;0;02.08.2017;0;02.08.2017;0;02.08.2017;0;02.08.2017;0;02.08.2017;0;02.08.2017;0;02.08.2017;0;02.08.2017;0;02.08.2017;0;02.08.2017;0;02.08.2017;0;02.08.2017;0;02.08.2017;0;02.08.2017;0;0
;RSI Constellation Phoenix;03.08.2017;;05.10.2017;;05.10.2017;0;05.10.2017;0;05.10.2017;0;05.10.2017;0;05.10.2017;0;05.10.2017;0;05.10.2017;0;05.10.2017;0;05.10.2017;0;05.10.2017;0;05.10.2017;0;05.10.2017;0;05.10.2017;0;05.10.2017;0;05.10.2017;0;05.10.2017;0;05.10.2017;0;0
;RSI Ursa Rover;03.04.2017;;26.05.2017;;26.05.2017;0;26.05.2017;0;26.05.2017;0;26.05.2017;0;26.05.2017;0;02.06.2017;+7;09.06.2017;+7;16.06.2017;+7;16.06.2017;0;16.06.2017;0;16.06.2017;0;16.06.2017;0;16.06.2017;0;16.06.2017;0;16.06.2017;0;16.06.2017;0;16.06.2017;0;+21
;RSI Constellation Taurus;23.06.2017;;31.08.2017;;31.08.2017;0;31.08.2017;0;31.08.2017;0;31.08.2017;0;31.08.2017;0;31.08.2017;0;31.08.2017;0;31.08.2017;0;31.08.2017;0;31.08.2017;0;31.08.2017;0;31.08.2017;0;31.08.2017;0;31.08.2017;0;31.08.2017;0;31.08.2017;0;31.08.2017;0;0
;Drake Cutlass Black;01.06.2017;;26.05.2017;;26.05.2017;0;26.05.2017;0;26.05.2017;0;26.05.2017;0;26.05.2017;0;16.06.2017;+21;16.06.2017;0;16.06.2017;0;16.06.2017;0;16.06.2017;0;16.06.2017;0;16.06.2017;0;16.06.2017;0;16.06.2017;0;16.06.2017;0;16.06.2017;0;16.06.2017;0;+21
;MISC Freelancer MAX;14.07.2017;;08.09.2017;;08.09.2017;0;08.09.2017;0;08.09.2017;0;08.09.2017;0;08.09.2017;0;08.09.2017;0;08.09.2017;0;08.09.2017;0;08.09.2017;0;08.09.2017;0;08.09.2017;0;08.09.2017;0;08.09.2017;0;08.09.2017;0;08.09.2017;0;08.09.2017;0;08.09.2017;0;0
;AEGIS Vanguard Harbinger (Variant);05.06.2017;;04.08.2017;;04.08.2017;0;04.08.2017;0;04.08.2017;0;04.08.2017;0;04.08.2017;0;04.08.2017;0;04.08.2017;0;04.08.2017;0;04.08.2017;0;04.08.2017;0;04.08.2017;0;04.08.2017;0;04.08.2017;0;04.08.2017;0;04.08.2017;0;04.08.2017;0;04.08.2017;0;0
;ANVIL Terrapin;16.02.2017;;28.07.2017;;28.07.2017;0;28.07.2017;0;28.07.2017;0;28.07.2017;0;28.07.2017;0;28.07.2017;0;28.07.2017;0;28.07.2017;0;28.07.2017;0;28.07.2017;0;28.07.2017;0;28.07.2017;0;28.07.2017;0;28.07.2017;0;28.07.2017;0;28.07.2017;0;28.07.2017;0;0
;MISC Hull C;27.02.2017;;10.08.2017;;10.08.2017;0;10.08.2017;0;10.08.2017;0;10.08.2017;0;10.08.2017;0;10.08.2017;0;10.08.2017;0;10.08.2017;0;10.08.2017;0;10.08.2017;0;10.08.2017;0;10.08.2017;0;10.08.2017;0;10.08.2017;0;10.08.2017;0;10.08.2017;0;10.08.2017;0;0
;MISC Freelancer MIS;11.08.2017;;13.10.2017;;13.10.2017;0;13.10.2017;0;13.10.2017;0;13.10.2017;0;13.10.2017;0;13.10.2017;0;13.10.2017;0;13.10.2017;0;13.10.2017;0;13.10.2017;0;13.10.2017;0;13.10.2017;0;13.10.2017;0;13.10.2017;0;13.10.2017;0;13.10.2017;0;13.10.2017;0;0
;ANVIL Hurricane;12.06.2017;;11.12.2017;;11.12.2017;0;11.12.2017;0;11.12.2017;0;11.12.2017;0;11.12.2017;0;11.12.2017;0;11.12.2017;0;11.12.2017;0;11.12.2017;0;11.12.2017;0;11.12.2017;0;11.12.2017;0;11.12.2017;0;11.12.2017;0;11.12.2017;0;11.12.2017;0;11.12.2017;0;0
;ANVIL Carrack;06.11.2017;;08.05.2018;;08.05.2018;0;08.05.2018;0;08.05.2018;0;08.05.2018;0;08.05.2018;0;08.05.2018;0;08.05.2018;0;08.05.2018;0;08.05.2018;0;08.05.2018;0;08.05.2018;0;08.05.2018;0;08.05.2018;0;08.05.2018;0;08.05.2018;0;08.05.2018;0;08.05.2018;0;0
;RSI Aurora (Update);27.12.2016;;09.06.2017;;09.06.2017;0;09.06.2017;0;09.06.2017;0;09.06.2017;0;09.06.2017;0;09.06.2017;0;09.06.2017;0;09.06.2017;0;09.06.2017;0;09.06.2017;0;09.06.2017;0;09.06.2017;0;04.08.2017;+56;04.08.2017;0;04.08.2017;0;04.08.2017;0;04.08.2017;0;+56
;MISC Freelancer DUR;14.07.2017;;08.09.2017;;08.09.2017;0;08.09.2017;0;08.09.2017;0;08.09.2017;0;08.09.2017;0;08.09.2017;0;08.09.2017;0;08.09.2017;0;08.09.2017;0;08.09.2017;0;08.09.2017;0;08.09.2017;0;08.09.2017;0;08.09.2017;0;08.09.2017;0;08.09.2017;0;08.09.2017;0;0
;BANU Merchantman;02.10.2017;;01.05.2018;;01.05.2018;0;01.05.2018;0;01.05.2018;0;01.05.2018;0;01.05.2018;0;01.05.2018;0;01.05.2018;0;01.05.2018;0;01.05.2018;0;01.05.2018;0;01.05.2018;0;01.05.2018;0;01.05.2018;0;01.05.2018;0;01.05.2018;0;01.05.2018;0;01.05.2018;0;0
;MISC Razor;28.12.2016;;12.06.2017;;12.06.2017;0;12.06.2017;0;12.06.2017;0;12.06.2017;0;12.06.2017;0;12.06.2017;0;12.06.2017;0;12.06.2017;0;12.06.2017;0;12.06.2017;0;12.06.2017;0;12.06.2017;0;12.06.2017;0;12.06.2017;0;12.06.2017;0;12.06.2017;0;12.06.2017;0;0
;CO Mustang Updates;03.07.2017;;27.11.2017;;27.11.2017;0;27.11.2017;0;27.11.2017;0;27.11.2017;0;27.11.2017;0;27.11.2017;0;27.11.2017;0;27.11.2017;0;27.11.2017;0;27.11.2017;0;27.11.2017;0;27.11.2017;0;27.11.2017;0;27.11.2017;0;27.11.2017;0;27.11.2017;0;27.11.2017;0;0
;AEGIS Reclaimer;20.12.2016;;06.09.2017;;06.09.2017;0;06.09.2017;0;06.09.2017;0;06.09.2017;0;06.09.2017;0;06.09.2017;0;06.09.2017;0;06.09.2017;0;06.09.2017;0;06.09.2017;0;06.09.2017;0;06.09.2017;0;06.09.2017;0;06.09.2017;0;06.09.2017;0;06.09.2017;0;06.09.2017;0;0
;ORIGIN 890 Jump;23.03.2017;;23.03.2018;;23.03.2018;0;23.03.2018;0;23.03.2018;0;23.03.2018;0;23.03.2018;0;23.03.2018;0;23.03.2018;0;23.03.2018;0;23.03.2018;0;23.03.2018;0;23.03.2018;0;23.03.2018;0;23.03.2018;0;23.03.2018;0;23.03.2018;0;23.03.2018;0;23.03.2018;0;0
;DRAKE Cutlass Red;03.05.2017;;05.07.2017;;05.07.2017;0;05.07.2017;0;05.07.2017;0;05.07.2017;0;05.07.2017;0;05.07.2017;0;05.07.2017;0;05.07.2017;0;05.07.2017;0;05.07.2017;0;05.07.2017;0;05.07.2017;0;05.07.2017;0;05.07.2017;0;05.07.2017;0;05.07.2017;0;05.07.2017;0;0
;AEGIS Vanguard Sentinel (Variant);10.07.2017;;04.09.2017;;04.09.2017;0;04.09.2017;0;04.09.2017;0;04.09.2017;0;04.09.2017;0;04.09.2017;0;04.09.2017;0;04.09.2017;0;04.09.2017;0;04.09.2017;0;04.09.2017;0;04.09.2017;0;04.09.2017;0;04.09.2017;0;04.09.2017;0;04.09.2017;0;04.09.2017;0;0
;;;;;;;;;;;;;;;;;;;;;;;;;;;;;;;;;;;;;;;;
"Environments
(7 DONE - 4 TODO)";Surface Outposts;03.04.2017;;31.05.2017;;02.06.2017;+2;02.06.2017;0;02.06.2017;0;02.06.2017;0;02.06.2017;0;02.06.2017;0;26.06.2017;+24;26.06.2017;0;26.06.2017;0;26.06.2017;0;26.06.2017;0;26.06.2017;0;26.06.2017;0;26.06.2017;0;26.06.2017;0;26.06.2017;0;26.06.2017;0;+26
;Arc Corp / Area 18;11.05.2017;;20.07.2017;;20.07.2017;0;20.07.2017;0;20.07.2017;0;20.07.2017;0;20.07.2017;0;20.07.2017;0;20.07.2017;0;20.07.2017;0;20.07.2017;0;20.07.2017;0;20.07.2017;0;20.07.2017;0;20.07.2017;0;20.07.2017;0;20.07.2017;0;20.07.2017;0;20.07.2017;0;0
;Moons;02.01.2017;;07.04.2017;;07.04.2017;0;07.04.2017;0;07.04.2017;0;07.04.2017;0;07.04.2017;0;07.04.2017;0;07.04.2017;0;07.04.2017;0;07.04.2017;0;07.04.2017;0;07.04.2017;0;07.04.2017;0;07.04.2017;0;07.04.2017;0;07.04.2017;0;07.04.2017;0;07.04.2017;0;0
;Delamar / Levski;20.03.2017;;01.06.2017;;01.06.2017;0;01.06.2017;0;01.06.2017;0;30.06.2017;+29;30.06.2017;0;30.06.2017;0;30.06.2017;0;30.06.2017;0;30.06.2017;0;30.06.2017;0;14.07.2017;+14;14.07.2017;0;28.07.2017;+14;28.07.2017;0;28.07.2017;0;28.07.2017;0;28.07.2017;0;+57
;Huston;18.08.2017;;24.11.2017;;24.11.2017;0;24.11.2017;0;24.11.2017;0;24.11.2017;0;24.11.2017;0;24.11.2017;0;24.11.2017;0;24.11.2017;0;24.11.2017;0;24.11.2017;0;24.11.2017;0;24.11.2017;0;24.11.2017;0;24.11.2017;0;24.11.2017;0;24.11.2017;0;24.11.2017;0;0
;MicroTech (stretch goal);06.11.2017;;14.02.2018;;14.02.2018;0;14.02.2018;0;14.02.2018;0;14.02.2018;0;14.02.2018;0;14.02.2018;0;14.02.2018;0;14.02.2018;0;14.02.2018;0;14.02.2018;0;14.02.2018;0;14.02.2018;0;14.02.2018;0;14.02.2018;0;14.02.2018;0;14.02.2018;0;14.02.2018;0;0
;Modular Space Station - Truckstop;26.12.2016;;25.08.2017;;25.08.2017;0;25.08.2017;0;25.08.2017;0;25.08.2017;0;25.08.2017;0;25.08.2017;0;25.08.2017;0;25.08.2017;0;25.08.2017;0;25.08.2017;0;25.08.2017;0;25.08.2017;0;25.08.2017;0;25.08.2017;0;25.08.2017;0;25.08.2017;0;25.08.2017;0;0
;Crusader;19.09.2017;;27.11.2017;;27.11.2017;0;27.11.2017;0;27.11.2017;0;27.11.2017;0;27.11.2017;0;27.11.2017;0;27.11.2017;0;27.11.2017;0;27.11.2017;0;27.11.2017;0;27.11.2017;0;27.11.2017;0;27.11.2017;0;27.11.2017;0;27.11.2017;0;27.11.2017;0;27.11.2017;0;0
;Surface Outposts Lighting;29.05.2017;;;;;;;;;;;;;;;;26.06.2017;;26.06.2017;0;26.06.2017;0;26.06.2017;0;26.06.2017;0;26.06.2017;0;26.06.2017;0;26.06.2017;0;26.06.2017;0;26.06.2017;0;26.06.2017;0;0
;Basic Derelict Ships;10.04.2017;;26.05.2017;;26.05.2017;0;26.05.2017;0;26.05.2017;0;26.05.2017;0;26.05.2017;0;09.06.2017;+14;09.06.2017;0;16.06.2017;+7;16.06.2017;0;16.06.2017;0;16.06.2017;0;16.06.2017;0;16.06.2017;0;16.06.2017;0;16.06.2017;0;16.06.2017;0;16.06.2017;0;+21
;Inhabited Derelict Ships;16.06.2017;;;;;;;;;;;;;;;;;;;;30.06.2017;;30.06.2017;0;30.06.2017;0;30.06.2017;0;30.06.2017;0;30.06.2017;0;30.06.2017;0;30.06.2017;0;30.06.2017;0;0
;;;;;;;;;;;;;;;;;;;;;;;;;;;;;;;;;;;;;;;;
"Network / Backend
(15 DONE - 3 TODO)";Serialized Component;20.12.2016;;09.05.2017;;09.05.2017;0;09.05.2017;0;09.05.2017;0;09.05.2017;0;09.05.2017;0;09.05.2017;0;09.05.2017;0;09.05.2017;0;09.05.2017;0;09.05.2017;0;09.05.2017;0;09.05.2017;0;09.05.2017;0;09.05.2017;0;09.05.2017;0;09.05.2017;0;09.05.2017;0;0
;Network Tokens;02.01.2017;;31.05.2017;;31.05.2017;0;31.05.2017;0;31.05.2017;0;31.05.2017;0;31.05.2017;0;31.05.2017;0;31.05.2017;0;31.05.2017;0;31.05.2017;0;31.05.2017;0;31.05.2017;0;31.05.2017;0;31.05.2017;0;31.05.2017;0;31.05.2017;0;31.05.2017;0;31.05.2017;0;0
;Network Bind / Unbind;18.04.2017;;26.06.2017;;30.06.2017;+4;30.06.2017;0;14.07.2017;+14;14.07.2017;0;14.07.2017;0;14.07.2017;0;14.07.2017;0;14.07.2017;0;14.07.2017;0;14.07.2017;0;14.07.2017;0;14.07.2017;0;14.07.2017;0;14.07.2017;0;14.07.2017;0;14.07.2017;0;14.07.2017;0;+18
;Session Management;27.03.2017;;16.05.2017;;16.05.2017;0;16.05.2017;0;16.05.2017;0;16.05.2017;0;16.05.2017;0;16.05.2017;0;16.05.2017;0;16.05.2017;0;16.05.2017;0;16.05.2017;0;16.05.2017;0;16.05.2017;0;16.05.2017;0;16.05.2017;0;16.05.2017;0;16.05.2017;0;16.05.2017;0;0
;Server Migration;17.05.2017;;14.07.2017;;14.07.2017;0;14.07.2017;0;14.07.2017;0;14.07.2017;0;14.07.2017;0;14.07.2017;0;14.07.2017;0;14.07.2017;0;14.07.2017;0;14.07.2017;0;14.07.2017;0;14.07.2017;0;14.07.2017;0;14.07.2017;0;14.07.2017;0;14.07.2017;0;14.07.2017;0;0
;Tools - Service Creator;12.06.2017;;30.06.2017;;30.06.2017;0;30.06.2017;0;30.06.2017;0;30.06.2017;0;30.06.2017;0;30.06.2017;0;30.06.2017;0;30.06.2017;0;30.06.2017;0;30.06.2017;0;30.06.2017;0;30.06.2017;0;30.06.2017;0;30.06.2017;0;30.06.2017;0;30.06.2017;0;30.06.2017;0;0
;Tools - Automated Service Te[Testing/Telementry/?];03.07.2017;;21.07.2017;;21.07.2017;0;21.07.2017;0;21.07.2017;0;21.07.2017;0;21.07.2017;0;21.07.2017;0;21.07.2017;0;21.07.2017;0;21.07.2017;0;21.07.2017;0;21.07.2017;0;21.07.2017;0;21.07.2017;0;21.07.2017;0;21.07.2017;0;21.07.2017;0;21.07.2017;0;0
;Positional;29.05.2017;;29.06.2017;;29.06.2017;0;29.06.2017;0;29.06.2017;0;29.06.2017;0;29.06.2017;0;29.06.2017;0;29.06.2017;0;29.06.2017;0;29.06.2017;0;29.06.2017;0;29.06.2017;0;29.06.2017;0;29.06.2017;0;29.06.2017;0;29.06.2017;0;29.06.2017;0;29.06.2017;0;0
;Parties & Groups;30.06.2017;;12.09.2017;;12.09.2017;0;12.09.2017;0;12.09.2017;0;12.09.2017;0;12.09.2017;0;12.09.2017;0;12.09.2017;0;12.09.2017;0;12.09.2017;0;12.09.2017;0;12.09.2017;0;12.09.2017;0;12.09.2017;0;12.09.2017;0;12.09.2017;0;12.09.2017;0;12.09.2017;0;0
;New Message Queue;18.04.2017;;22.05.2017;;22.05.2017;0;22.05.2017;0;22.05.2017;0;22.05.2017;0;22.05.2017;0;31.05.2017;+9;09.06.2017;+9;14.06.2017;+5;14.06.2017;0;14.06.2017;0;14.06.2017;0;14.06.2017;0;14.06.2017;0;14.06.2017;0;14.06.2017;0;14.06.2017;0;14.06.2017;0;+23
;Jobification of Network Writes;23.05.2017;;04.09.2017;;04.09.2017;0;04.09.2017;0;04.09.2017;0;04.09.2017;0;04.09.2017;0;04.09.2017;0;04.09.2017;0;04.09.2017;0;04.09.2017;0;04.09.2017;0;04.09.2017;0;04.09.2017;0;04.09.2017;0;04.09.2017;0;04.09.2017;0;04.09.2017;0;04.09.2017;0;0
;Solar System Shop Service;06.04.2017;;21.04.2017;;21.04.2017;0;05.05.2017;+14;05.05.2017;0;12.05.2017;+7;12.05.2017;0;12.05.2017;0;12.05.2017;0;16.06.2017;+35;16.06.2017;0;16.06.2017;0;16.06.2017;0;16.06.2017;0;16.06.2017;0;16.06.2017;0;16.06.2017;0;16.06.2017;0;16.06.2017;0;+56
;Solar System Mission Service;24.04.2017;;19.05.2017;;12.05.2017;-7;12.05.2017;0;12.05.2017;0;25.05.2017;+13;25.05.2017;0;25.05.2017;0;25.05.2017;0;28.06.2017;+34;28.06.2017;0;28.06.2017;0;28.06.2017;0;28.06.2017;0;28.06.2017;0;28.06.2017;0;28.06.2017;0;28.06.2017;0;28.06.2017;0;+47
;Continuous Serialized Variables;15.05.2017;;13.09.2017;;13.09.2017;0;13.09.2017;0;13.09.2017;0;13.09.2017;0;13.09.2017;0;13.09.2017;0;13.09.2017;0;13.09.2017;0;13.09.2017;0;13.09.2017;0;13.09.2017;0;13.09.2017;0;13.09.2017;0;13.09.2017;0;13.09.2017;0;13.09.2017;0;13.09.2017;0;0
;Tools - Service Manager;22.05.2017;;09.06.2017;;09.06.2017;0;09.06.2017;0;09.06.2017;0;09.06.2017;0;09.06.2017;0;09.06.2017;0;09.06.2017;0;09.06.2017;0;09.06.2017;0;09.06.2017;0;09.06.2017;0;09.06.2017;0;09.06.2017;0;09.06.2017;0;09.06.2017;0;09.06.2017;0;09.06.2017;0;0
;Physics Serialization;18.04.2017;;12.05.2017;;18.05.2017;+6;18.05.2017;0;18.05.2017;0;18.05.2017;0;26.05.2017;+8;02.06.2017;+7;09.06.2017;+7;20.06.2017;+11;30.06.2017;+10;03.07.2017;+3;03.07.2017;0;03.07.2017;0;03.07.2017;0;03.07.2017;0;03.07.2017;0;03.07.2017;0;03.07.2017;0;+52
;Diffusion Subset for 3.0.0;03.04.2017;;16.06.2017;;16.06.2017;0;16.06.2017;0;16.06.2017;0;16.06.2017;0;16.06.2017;0;16.06.2017;0;16.06.2017;0;16.06.2017;0;16.06.2017;0;16.06.2017;0;16.06.2017;0;16.06.2017;0;16.06.2017;0;16.06.2017;0;16.06.2017;0;16.06.2017;0;16.06.2017;0;0
;Persistent Data Refactor;05.05.2017;;;;;;;;19.06.2017;;19.06.2017;0;19.06.2017;0;19.06.2017;0;19.06.2017;0;19.06.2017;0;19.06.2017;0;19.06.2017;0;19.06.2017;0;19.06.2017;0;19.06.2017;0;19.06.2017;0;19.06.2017;0;19.06.2017;0;19.06.2017;0;0
